x,y,z,oxygen,glucose
-240.0,-240.0,10.0,0.5,0.05
-220.0,-240.0,10.0,0.5,0.05
-200.0,-240.0,10.0,0.5,0.05
-180.0,-240.0,10.0,0.5,0.05
-160.0,-240.0,10.0,0.5,0.05
-140.0,-240.0,10.0,0.5,0.05
-120.0,-240.0,10.0,0.5,0.05
-100.0,-240.0,10.0,0.5,0.05
-80.0,-240.0,10.0,0.5,0.05
-60.0,-240.0,10.0,0.5,0.05
-40.0,-240.0,10.0,0.5,0.05
-20.0,-240.0,10.0,0.5,0.05
0.0,-240.0,10.0,0.5,0.05
20.0,-240.0,10.0,0.5,0.05
40.0,-240.0,10.0,0.5,0.05
60.0,-240.0,10.0,0.5,0.05
80.0,-240.0,10.0,0.5,0.05
100.0,-240.0,10.0,0.5,0.05
120.0,-240.0,10.0,0.5,0.05
140.0,-240.0,10.0,0.5,0.05
160.0,-240.0,10.0,0.5,0.05
180.0,-240.0,10.0,0.5,0.05
200.0,-240.0,10.0,0.5,0.05
220.0,-240.0,10.0,0.5,0.05
240.0,-240.0,10.0,0.5,0.05
-240.0,-220.0,10.0,0.5,0.05
-220.0,-220.0,10.0,0.5,0.05
-200.0,-220.0,10.0,0.5,0.05
-180.0,-220.0,10.0,0.5,0.05
-160.0,-220.0,10.0,0.5,0.05
-140.0,-220.0,10.0,0.5,0.05
-120.0,-220.0,10.0,0.5,0.05
-100.0,-220.0,10.0,0.5,0.05
-80.0,-220.0,10.0,0.5,0.05
-60.0,-220.0,10.0,0.5,0.05
-40.0,-220.0,10.0,0.5,0.05
-20.0,-220.0,10.0,0.5,0.05
0.0,-220.0,10.0,0.5,0.05
20.0,-220.0,10.0,0.5,0.05
40.0,-220.0,10.0,0.5,0.05
60.0,-220.0,10.0,0.5,0.05
80.0,-220.0,10.0,0.5,0.05
100.0,-220.0,10.0,0.5,0.05
120.0,-220.0,10.0,0.5,0.05
140.0,-220.0,10.0,0.5,0.05
160.0,-220.0,10.0,0.5,0.05
180.0,-220.0,10.0,0.5,0.05
200.0,-220.0,10.0,0.5,0.05
220.0,-220.0,10.0,0.5,0.05
240.0,-220.0,10.0,0.5,0.05
-240.0,-200.0,10.0,0.5,0.05
-220.0,-200.0,10.0,0.5,0.05
-200.0,-200.0,10.0,0.5,0.05
-180.0,-200.0,10.0,0.5,0.05
-160.0,-200.0,10.0,0.5,0.05
-140.0,-200.0,10.0,0.5,0.05
-120.0,-200.0,10.0,0.5,0.05
-100.0,-200.0,10.0,0.5,0.05
-80.0,-200.0,10.0,0.5,0.05
-60.0,-200.0,10.0,0.5,0.05
-40.0,-200.0,10.0,0.5,0.05
-20.0,-200.0,10.0,0.5,0.05
0.0,-200.0,10.0,0.5,0.05
20.0,-200.0,10.0,0.5,0.05
40.0,-200.0,10.0,0.5,0.05
60.0,-200.0,10.0,0.5,0.05
80.0,-200.0,10.0,0.5,0.05
100.0,-200.0,10.0,0.5,0.05
120.0,-200.0,10.0,0.5,0.05
140.0,-200.0,10.0,0.5,0.05
160.0,-200.0,10.0,0.5,0.05
180.0,-200.0,10.0,0.5,0.05
200.0,-200.0,10.0,0.5,0.05
220.0,-200.0,10.0,0.5,0.05
240.0,-200.0,10.0,0.5,0.05
-240.0,-180.0,10.0,0.5,0.05
-220.0,-180.0,10.0,0.5,0.05
-200.0,-180.0,10.0,0.5,0.05
-180.0,-180.0,10.0,0.5,0.05
-160.0,-180.0,10.0,0.5,0.05
-140.0,-180.0,10.0,0.5,0.05
-120.0,-180.0,10.0,0.5,0.05
-100.0,-180.0,10.0,0.5,0.05
-80.0,-180.0,10.0,0.5,0.05
-60.0,-180.0,10.0,0.5,0.05
-40.0,-180.0,10.0,0.5,0.05
-20.0,-180.0,10.0,0.5,0.05
0.0,-180.0,10.0,0.5,0.05
20.0,-180.0,10.0,0.5,0.05
40.0,-180.0,10.0,0.5,0.05
60.0,-180.0,10.0,0.5,0.05
80.0,-180.0,10.0,0.5,0.05
100.0,-180.0,10.0,0.5,0.05
120.0,-180.0,10.0,0.5,0.05
140.0,-180.0,10.0,0.5,0.05
160.0,-180.0,10.0,0.5,0.05
180.0,-180.0,10.0,0.5,0.05
200.0,-180.0,10.0,0.5,0.05
220.0,-180.0,10.0,0.5,0.05
240.0,-180.0,10.0,0.5,0.05
-240.0,-160.0,10.0,0.5,0.05
-220.0,-160.0,10.0,0.5,0.05
-200.0,-160.0,10.0,0.5,0.05
-180.0,-160.0,10.0,0.5,0.05
-160.0,-160.0,10.0,0.5,0.05
-140.0,-160.0,10.0,0.5,0.05
-120.0,-160.0,10.0,0.5,0.05
-100.0,-160.0,10.0,0.5,0.05
-80.0,-160.0,10.0,0.5,0.05
-60.0,-160.0,10.0,0.5,0.05
-40.0,-160.0,10.0,0.5,0.05
-20.0,-160.0,10.0,0.5,0.05
0.0,-160.0,10.0,0.5,0.05
20.0,-160.0,10.0,0.5,0.05
40.0,-160.0,10.0,0.5,0.05
60.0,-160.0,10.0,0.5,0.05
80.0,-160.0,10.0,0.5,0.05
100.0,-160.0,10.0,0.5,0.05
120.0,-160.0,10.0,0.5,0.05
140.0,-160.0,10.0,0.5,0.05
160.0,-160.0,10.0,0.5,0.05
180.0,-160.0,10.0,0.5,0.05
200.0,-160.0,10.0,0.5,0.05
220.0,-160.0,10.0,0.5,0.05
240.0,-160.0,10.0,0.5,0.05
-240.0,-140.0,10.0,0.5,0.05
-220.0,-140.0,10.0,0.5,0.05
-200.0,-140.0,10.0,0.5,0.05
-180.0,-140.0,10.0,0.5,0.05
-160.0,-140.0,10.0,0.5,0.05
-140.0,-140.0,10.0,0.5,0.05
-120.0,-140.0,10.0,0.5,0.05
-100.0,-140.0,10.0,0.5,0.05
-80.0,-140.0,10.0,0.5,0.05
-60.0,-140.0,10.0,0.5,0.05
-40.0,-140.0,10.0,0.5,0.05
-20.0,-140.0,10.0,0.5,0.05
0.0,-140.0,10.0,0.5,0.05
20.0,-140.0,10.0,0.5,0.05
40.0,-140.0,10.0,0.5,0.05
60.0,-140.0,10.0,0.5,0.05
80.0,-140.0,10.0,0.5,0.05
100.0,-140.0,10.0,0.5,0.05
120.0,-140.0,10.0,0.5,0.05
140.0,-140.0,10.0,0.5,0.05
160.0,-140.0,10.0,0.5,0.05
180.0,-140.0,10.0,0.5,0.05
200.0,-140.0,10.0,0.5,0.05
220.0,-140.0,10.0,0.5,0.05
240.0,-140.0,10.0,0.5,0.05
-240.0,-120.0,10.0,0.5,0.05
-220.0,-120.0,10.0,0.5,0.05
-200.0,-120.0,10.0,0.5,0.05
-180.0,-120.0,10.0,0.5,0.05
-160.0,-120.0,10.0,0.5,0.05
-140.0,-120.0,10.0,0.5,0.05
-120.0,-120.0,10.0,0.5,0.05
-100.0,-120.0,10.0,0.5,0.05
-80.0,-120.0,10.0,0.5,0.05
-60.0,-120.0,10.0,0.5,0.05
-40.0,-120.0,10.0,0.5,0.05
-20.0,-120.0,10.0,0.5,0.05
0.0,-120.0,10.0,0.5,0.05
20.0,-120.0,10.0,0.5,0.05
40.0,-120.0,10.0,0.5,0.05
60.0,-120.0,10.0,0.5,0.05
80.0,-120.0,10.0,0.5,0.05
100.0,-120.0,10.0,0.5,0.05
120.0,-120.0,10.0,0.5,0.05
140.0,-120.0,10.0,0.5,0.05
160.0,-120.0,10.0,0.5,0.05
180.0,-120.0,10.0,0.5,0.05
200.0,-120.0,10.0,0.5,0.05
220.0,-120.0,10.0,0.5,0.05
240.0,-120.0,10.0,0.5,0.05
-240.0,-100.0,10.0,0.5,0.05
-220.0,-100.0,10.0,0.5,0.05
-200.0,-100.0,10.0,0.5,0.05
-180.0,-100.0,10.0,0.5,0.05
-160.0,-100.0,10.0,0.5,0.05
-140.0,-100.0,10.0,0.5,0.05
-120.0,-100.0,10.0,0.5,0.05
-100.0,-100.0,10.0,0.5,0.05
-80.0,-100.0,10.0,0.5,0.05
-60.0,-100.0,10.0,0.5,0.05
-40.0,-100.0,10.0,0.5,0.05
-20.0,-100.0,10.0,0.5,0.05
0.0,-100.0,10.0,0.5,0.05
20.0,-100.0,10.0,0.5,0.05
40.0,-100.0,10.0,0.5,0.05
60.0,-100.0,10.0,0.5,0.05
80.0,-100.0,10.0,0.5,0.05
100.0,-100.0,10.0,0.5,0.05
120.0,-100.0,10.0,0.5,0.05
140.0,-100.0,10.0,0.5,0.05
160.0,-100.0,10.0,0.5,0.05
180.0,-100.0,10.0,0.5,0.05
200.0,-100.0,10.0,0.5,0.05
220.0,-100.0,10.0,0.5,0.05
240.0,-100.0,10.0,0.5,0.05
-240.0,-80.0,10.0,0.5,0.05
-220.0,-80.0,10.0,0.5,0.05
-200.0,-80.0,10.0,0.5,0.05
-180.0,-80.0,10.0,0.5,0.05
-160.0,-80.0,10.0,0.5,0.05
-140.0,-80.0,10.0,0.5,0.05
-120.0,-80.0,10.0,0.5,0.05
-100.0,-80.0,10.0,0.5,0.05
-80.0,-80.0,10.0,0.5,0.05
-60.0,-80.0,10.0,0.5,0.05
-40.0,-80.0,10.0,0.5,0.05
-20.0,-80.0,10.0,0.5,0.05
0.0,-80.0,10.0,0.5,0.05
20.0,-80.0,10.0,0.5,0.05
40.0,-80.0,10.0,0.5,0.05
60.0,-80.0,10.0,0.5,0.05
80.0,-80.0,10.0,0.5,0.05
100.0,-80.0,10.0,0.5,0.05
120.0,-80.0,10.0,0.5,0.05
140.0,-80.0,10.0,0.5,0.05
160.0,-80.0,10.0,0.5,0.05
180.0,-80.0,10.0,0.5,0.05
200.0,-80.0,10.0,0.5,0.05
220.0,-80.0,10.0,0.5,0.05
240.0,-80.0,10.0,0.5,0.05
-240.0,-60.0,10.0,0.5,0.05
-220.0,-60.0,10.0,0.5,0.05
-200.0,-60.0,10.0,0.5,0.05
-180.0,-60.0,10.0,0.5,0.05
-160.0,-60.0,10.0,0.5,0.05
-140.0,-60.0,10.0,0.5,0.05
-120.0,-60.0,10.0,0.5,0.05
-100.0,-60.0,10.0,0.5,0.05
-80.0,-60.0,10.0,0.5,0.05
-60.0,-60.0,10.0,0.5,0.05
-40.0,-60.0,10.0,0.5,0.05
-20.0,-60.0,10.0,0.5,0.05
0.0,-60.0,10.0,0.5,0.05
20.0,-60.0,10.0,0.5,0.05
40.0,-60.0,10.0,0.5,0.05
60.0,-60.0,10.0,0.5,0.05
80.0,-60.0,10.0,0.5,0.05
100.0,-60.0,10.0,0.5,0.05
120.0,-60.0,10.0,0.5,0.05
140.0,-60.0,10.0,0.5,0.05
160.0,-60.0,10.0,0.5,0.05
180.0,-60.0,10.0,0.5,0.05
200.0,-60.0,10.0,0.5,0.05
220.0,-60.0,10.0,0.5,0.05
240.0,-60.0,10.0,0.5,0.05
-240.0,-40.0,10.0,0.5,0.05
-220.0,-40.0,10.0,0.5,0.05
-200.0,-40.0,10.0,0.5,0.05
-180.0,-40.0,10.0,0.5,0.05
-160.0,-40.0,10.0,0.5,0.05
-140.0,-40.0,10.0,0.5,0.05
-120.0,-40.0,10.0,0.5,0.05
-100.0,-40.0,10.0,0.5,0.05
-80.0,-40.0,10.0,0.5,0.05
-60.0,-40.0,10.0,0.5,0.05
-40.0,-40.0,10.0,0.5,0.05
-20.0,-40.0,10.0,0.5,0.05
0.0,-40.0,10.0,0.5,0.05
20.0,-40.0,10.0,0.5,0.05
40.0,-40.0,10.0,0.5,0.05
60.0,-40.0,10.0,0.5,0.05
80.0,-40.0,10.0,0.5,0.05
100.0,-40.0,10.0,0.5,0.05
120.0,-40.0,10.0,0.5,0.05
140.0,-40.0,10.0,0.5,0.05
160.0,-40.0,10.0,0.5,0.05
180.0,-40.0,10.0,0.5,0.05
200.0,-40.0,10.0,0.5,0.05
220.0,-40.0,10.0,0.5,0.05
240.0,-40.0,10.0,0.5,0.05
-240.0,-20.0,10.0,0.5,0.05
-220.0,-20.0,10.0,0.5,0.05
-200.0,-20.0,10.0,0.5,0.05
-180.0,-20.0,10.0,0.5,0.05
-160.0,-20.0,10.0,0.5,0.05
-140.0,-20.0,10.0,0.5,0.05
-120.0,-20.0,10.0,0.5,0.05
-100.0,-20.0,10.0,0.5,0.05
-80.0,-20.0,10.0,0.5,0.05
-60.0,-20.0,10.0,0.5,0.05
-40.0,-20.0,10.0,0.5,0.05
-20.0,-20.0,10.0,0.5,0.05
0.0,-20.0,10.0,0.5,0.05
20.0,-20.0,10.0,0.5,0.05
40.0,-20.0,10.0,0.5,0.05
60.0,-20.0,10.0,0.5,0.05
80.0,-20.0,10.0,0.5,0.05
100.0,-20.0,10.0,0.5,0.05
120.0,-20.0,10.0,0.5,0.05
140.0,-20.0,10.0,0.5,0.05
160.0,-20.0,10.0,0.5,0.05
180.0,-20.0,10.0,0.5,0.05
200.0,-20.0,10.0,0.5,0.05
220.0,-20.0,10.0,0.5,0.05
240.0,-20.0,10.0,0.5,0.05
-240.0,0.0,10.0,0.5,0.05
-220.0,0.0,10.0,0.5,0.05
-200.0,0.0,10.0,0.5,0.05
-180.0,0.0,10.0,0.5,0.05
-160.0,0.0,10.0,0.5,0.05
-140.0,0.0,10.0,0.5,0.05
-120.0,0.0,10.0,0.5,0.05
-100.0,0.0,10.0,0.5,0.05
-80.0,0.0,10.0,0.5,0.05
-60.0,0.0,10.0,0.5,0.05
-40.0,0.0,10.0,0.5,0.05
-20.0,0.0,10.0,0.5,0.05
0.0,0.0,10.0,0.5,0.05
20.0,0.0,10.0,0.5,0.05
40.0,0.0,10.0,0.5,0.05
60.0,0.0,10.0,0.5,0.05
80.0,0.0,10.0,0.5,0.05
100.0,0.0,10.0,0.5,0.05
120.0,0.0,10.0,0.5,0.05
140.0,0.0,10.0,0.5,0.05
160.0,0.0,10.0,0.5,0.05
180.0,0.0,10.0,0.5,0.05
200.0,0.0,10.0,0.5,0.05
220.0,0.0,10.0,0.5,0.05
240.0,0.0,10.0,0.5,0.05
-240.0,20.0,10.0,0.5,0.05
-220.0,20.0,10.0,0.5,0.05
-200.0,20.0,10.0,0.5,0.05
-180.0,20.0,10.0,0.5,0.05
-160.0,20.0,10.0,0.5,0.05
-140.0,20.0,10.0,0.5,0.05
-120.0,20.0,10.0,0.5,0.05
-100.0,20.0,10.0,0.5,0.05
-80.0,20.0,10.0,0.5,0.05
-60.0,20.0,10.0,0.5,0.05
-40.0,20.0,10.0,0.5,0.05
-20.0,20.0,10.0,0.5,0.05
0.0,20.0,10.0,0.5,0.05
20.0,20.0,10.0,0.5,0.05
40.0,20.0,10.0,0.5,0.05
60.0,20.0,10.0,0.5,0.05
80.0,20.0,10.0,0.5,0.05
100.0,20.0,10.0,0.5,0.05
120.0,20.0,10.0,0.5,0.05
140.0,20.0,10.0,0.5,0.05
160.0,20.0,10.0,0.5,0.05
180.0,20.0,10.0,0.5,0.05
200.0,20.0,10.0,0.5,0.05
220.0,20.0,10.0,0.5,0.05
240.0,20.0,10.0,0.5,0.05
-240.0,40.0,10.0,0.5,0.05
-220.0,40.0,10.0,0.5,0.05
-200.0,40.0,10.0,0.5,0.05
-180.0,40.0,10.0,0.5,0.05
-160.0,40.0,10.0,0.5,0.05
-140.0,40.0,10.0,0.5,0.05
-120.0,40.0,10.0,0.5,0.05
-100.0,40.0,10.0,0.5,0.05
-80.0,40.0,10.0,0.5,0.05
-60.0,40.0,10.0,0.5,0.05
-40.0,40.0,10.0,0.5,0.05
-20.0,40.0,10.0,0.5,0.05
0.0,40.0,10.0,0.5,0.05
20.0,40.0,10.0,0.5,0.05
40.0,40.0,10.0,0.5,0.05
60.0,40.0,10.0,0.5,0.05
80.0,40.0,10.0,0.5,0.05
100.0,40.0,10.0,0.5,0.05
120.0,40.0,10.0,0.5,0.05
140.0,40.0,10.0,0.5,0.05
160.0,40.0,10.0,0.5,0.05
180.0,40.0,10.0,0.5,0.05
200.0,40.0,10.0,0.5,0.05
220.0,40.0,10.0,0.5,0.05
240.0,40.0,10.0,0.5,0.05
-240.0,60.0,10.0,0.5,0.05
-220.0,60.0,10.0,0.5,0.05
-200.0,60.0,10.0,0.5,0.05
-180.0,60.0,10.0,0.5,0.05
-160.0,60.0,10.0,0.5,0.05
-140.0,60.0,10.0,0.5,0.05
-120.0,60.0,10.0,0.5,0.05
-100.0,60.0,10.0,0.5,0.05
-80.0,60.0,10.0,0.5,0.05
-60.0,60.0,10.0,0.5,0.05
-40.0,60.0,10.0,0.5,0.05
-20.0,60.0,10.0,0.5,0.05
0.0,60.0,10.0,0.5,0.05
20.0,60.0,10.0,0.5,0.05
40.0,60.0,10.0,0.5,0.05
60.0,60.0,10.0,0.5,0.05
80.0,60.0,10.0,0.5,0.05
100.0,60.0,10.0,0.5,0.05
120.0,60.0,10.0,0.5,0.05
140.0,60.0,10.0,0.5,0.05
160.0,60.0,10.0,0.5,0.05
180.0,60.0,10.0,0.5,0.05
200.0,60.0,10.0,0.5,0.05
220.0,60.0,10.0,0.5,0.05
240.0,60.0,10.0,0.5,0.05
-240.0,80.0,10.0,0.5,0.05
-220.0,80.0,10.0,0.5,0.05
-200.0,80.0,10.0,0.5,0.05
-180.0,80.0,10.0,0.5,0.05
-160.0,80.0,10.0,0.5,0.05
-140.0,80.0,10.0,0.5,0.05
-120.0,80.0,10.0,0.5,0.05
-100.0,80.0,10.0,0.5,0.05
-80.0,80.0,10.0,0.5,0.05
-60.0,80.0,10.0,0.5,0.05
-40.0,80.0,10.0,0.5,0.05
-20.0,80.0,10.0,0.5,0.05
0.0,80.0,10.0,0.5,0.05
20.0,80.0,10.0,0.5,0.05
40.0,80.0,10.0,0.5,0.05
60.0,80.0,10.0,0.5,0.05
80.0,80.0,10.0,0.5,0.05
100.0,80.0,10.0,0.5,0.05
120.0,80.0,10.0,0.5,0.05
140.0,80.0,10.0,0.5,0.05
160.0,80.0,10.0,0.5,0.05
180.0,80.0,10.0,0.5,0.05
200.0,80.0,10.0,0.5,0.05
220.0,80.0,10.0,0.5,0.05
240.0,80.0,10.0,0.5,0.05
-240.0,100.0,10.0,0.5,0.05
-220.0,100.0,10.0,0.5,0.05
-200.0,100.0,10.0,0.5,0.05
-180.0,100.0,10.0,0.5,0.05
-160.0,100.0,10.0,0.5,0.05
-140.0,100.0,10.0,0.5,0.05
-120.0,100.0,10.0,0.5,0.05
-100.0,100.0,10.0,0.5,0.05
-80.0,100.0,10.0,0.5,0.05
-60.0,100.0,10.0,0.5,0.05
-40.0,100.0,10.0,0.5,0.05
-20.0,100.0,10.0,0.5,0.05
0.0,100.0,10.0,0.5,0.05
20.0,100.0,10.0,0.5,0.05
40.0,100.0,10.0,0.5,0.05
60.0,100.0,10.0,0.5,0.05
80.0,100.0,10.0,0.5,0.05
100.0,100.0,10.0,0.5,0.05
120.0,100.0,10.0,0.5,0.05
140.0,100.0,10.0,0.5,0.05
160.0,100.0,10.0,0.5,0.05
180.0,100.0,10.0,0.5,0.05
200.0,100.0,10.0,0.5,0.05
220.0,100.0,10.0,0.5,0.05
240.0,100.0,10.0,0.5,0.05
-240.0,120.0,10.0,0.5,0.05
-220.0,120.0,10.0,0.5,0.05
-200.0,120.0,10.0,0.5,0.05
-180.0,120.0,10.0,0.5,0.05
-160.0,120.0,10.0,0.5,0.05
-140.0,120.0,10.0,0.5,0.05
-120.0,120.0,10.0,0.5,0.05
-100.0,120.0,10.0,0.5,0.05
-80.0,120.0,10.0,0.5,0.05
-60.0,120.0,10.0,0.5,0.05
-40.0,120.0,10.0,0.5,0.05
-20.0,120.0,10.0,0.5,0.05
0.0,120.0,10.0,0.5,0.05
20.0,120.0,10.0,0.5,0.05
40.0,120.0,10.0,0.5,0.05
60.0,120.0,10.0,0.5,0.05
80.0,120.0,10.0,0.5,0.05
100.0,120.0,10.0,0.5,0.05
120.0,120.0,10.0,0.5,0.05
140.0,120.0,10.0,0.5,0.05
160.0,120.0,10.0,0.5,0.05
180.0,120.0,10.0,0.5,0.05
200.0,120.0,10.0,0.5,0.05
220.0,120.0,10.0,0.5,0.05
240.0,120.0,10.0,0.5,0.05
-240.0,140.0,10.0,0.5,0.05
-220.0,140.0,10.0,0.5,0.05
-200.0,140.0,10.0,0.5,0.05
-180.0,140.0,10.0,0.5,0.05
-160.0,140.0,10.0,0.5,0.05
-140.0,140.0,10.0,0.5,0.05
-120.0,140.0,10.0,0.5,0.05
-100.0,140.0,10.0,0.5,0.05
-80.0,140.0,10.0,0.5,0.05
-60.0,140.0,10.0,0.5,0.05
-40.0,140.0,10.0,0.5,0.05
-20.0,140.0,10.0,0.5,0.05
0.0,140.0,10.0,0.5,0.05
20.0,140.0,10.0,0.5,0.05
40.0,140.0,10.0,0.5,0.05
60.0,140.0,10.0,0.5,0.05
80.0,140.0,10.0,0.5,0.05
100.0,140.0,10.0,0.5,0.05
120.0,140.0,10.0,0.5,0.05
140.0,140.0,10.0,0.5,0.05
160.0,140.0,10.0,0.5,0.05
180.0,140.0,10.0,0.5,0.05
200.0,140.0,10.0,0.5,0.05
220.0,140.0,10.0,0.5,0.05
240.0,140.0,10.0,0.5,0.05
-240.0,160.0,10.0,0.5,0.05
-220.0,160.0,10.0,0.5,0.05
-200.0,160.0,10.0,0.5,0.05
-180.0,160.0,10.0,0.5,0.05
-160.0,160.0,10.0,0.5,0.05
-140.0,160.0,10.0,0.5,0.05
-120.0,160.0,10.0,0.5,0.05
-100.0,160.0,10.0,0.5,0.05
-80.0,160.0,10.0,0.5,0.05
-60.0,160.0,10.0,0.5,0.05
-40.0,160.0,10.0,0.5,0.05
-20.0,160.0,10.0,0.5,0.05
0.0,160.0,10.0,0.5,0.05
20.0,160.0,10.0,0.5,0.05
40.0,160.0,10.0,0.5,0.05
60.0,160.0,10.0,0.5,0.05
80.0,160.0,10.0,0.5,0.05
100.0,160.0,10.0,0.5,0.05
120.0,160.0,10.0,0.5,0.05
140.0,160.0,10.0,0.5,0.05
160.0,160.0,10.0,0.5,0.05
180.0,160.0,10.0,0.5,0.05
200.0,160.0,10.0,0.5,0.05
220.0,160.0,10.0,0.5,0.05
240.0,160.0,10.0,0.5,0.05
-240.0,180.0,10.0,0.5,0.05
-220.0,180.0,10.0,0.5,0.05
-200.0,180.0,10.0,0.5,0.05
-180.0,180.0,10.0,0.5,0.05
-160.0,180.0,10.0,0.5,0.05
-140.0,180.0,10.0,0.5,0.05
-120.0,180.0,10.0,0.5,0.05
-100.0,180.0,10.0,0.5,0.05
-80.0,180.0,10.0,0.5,0.05
-60.0,180.0,10.0,0.5,0.05
-40.0,180.0,10.0,0.5,0.05
-20.0,180.0,10.0,0.5,0.05
0.0,180.0,10.0,0.5,0.05
20.0,180.0,10.0,0.5,0.05
40.0,180.0,10.0,0.5,0.05
60.0,180.0,10.0,0.5,0.05
80.0,180.0,10.0,0.5,0.05
100.0,180.0,10.0,0.5,0.05
120.0,180.0,10.0,0.5,0.05
140.0,180.0,10.0,0.5,0.05
160.0,180.0,10.0,0.5,0.05
180.0,180.0,10.0,0.5,0.05
200.0,180.0,10.0,0.5,0.05
220.0,180.0,10.0,0.5,0.05
240.0,180.0,10.0,0.5,0.05
-240.0,200.0,10.0,0.5,0.05
-220.0,200.0,10.0,0.5,0.05
-200.0,200.0,10.0,0.5,0.05
-180.0,200.0,10.0,0.5,0.05
-160.0,200.0,10.0,0.5,0.05
-140.0,200.0,10.0,0.5,0.05
-120.0,200.0,10.0,0.5,0.05
-100.0,200.0,10.0,0.5,0.05
-80.0,200.0,10.0,0.5,0.05
-60.0,200.0,10.0,0.5,0.05
-40.0,200.0,10.0,0.5,0.05
-20.0,200.0,10.0,0.5,0.05
0.0,200.0,10.0,0.5,0.05
20.0,200.0,10.0,0.5,0.05
40.0,200.0,10.0,0.5,0.05
60.0,200.0,10.0,0.5,0.05
80.0,200.0,10.0,0.5,0.05
100.0,200.0,10.0,0.5,0.05
120.0,200.0,10.0,0.5,0.05
140.0,200.0,10.0,0.5,0.05
160.0,200.0,10.0,0.5,0.05
180.0,200.0,10.0,0.5,0.05
200.0,200.0,10.0,0.5,0.05
220.0,200.0,10.0,0.5,0.05
240.0,200.0,10.0,0.5,0.05
-240.0,220.0,10.0,0.5,0.05
-220.0,220.0,10.0,0.5,0.05
-200.0,220.0,10.0,0.5,0.05
-180.0,220.0,10.0,0.5,0.05
-160.0,220.0,10.0,0.5,0.05
-140.0,220.0,10.0,0.5,0.05
-120.0,220.0,10.0,0.5,0.05
-100.0,220.0,10.0,0.5,0.05
-80.0,220.0,10.0,0.5,0.05
-60.0,220.0,10.0,0.5,0.05
-40.0,220.0,10.0,0.5,0.05
-20.0,220.0,10.0,0.5,0.05
0.0,220.0,10.0,0.5,0.05
20.0,220.0,10.0,0.5,0.05
40.0,220.0,10.0,0.5,0.05
60.0,220.0,10.0,0.5,0.05
80.0,220.0,10.0,0.5,0.05
100.0,220.0,10.0,0.5,0.05
120.0,220.0,10.0,0.5,0.05
140.0,220.0,10.0,0.5,0.05
160.0,220.0,10.0,0.5,0.05
180.0,220.0,10.0,0.5,0.05
200.0,220.0,10.0,0.5,0.05
220.0,220.0,10.0,0.5,0.05
240.0,220.0,10.0,0.5,0.05
-240.0,240.0,10.0,0.5,0.05
-220.0,240.0,10.0,0.5,0.05
-200.0,240.0,10.0,0.5,0.05
-180.0,240.0,10.0,0.5,0.05
-160.0,240.0,10.0,0.5,0.05
-140.0,240.0,10.0,0.5,0.05
-120.0,240.0,10.0,0.5,0.05
-100.0,240.0,10.0,0.5,0.05
-80.0,240.0,10.0,0.5,0.05
-60.0,240.0,10.0,0.5,0.05
-40.0,240.0,10.0,0.5,0.05
-20.0,240.0,10.0,0.5,0.05
0.0,240.0,10.0,0.5,0.05
20.0,240.0,10.0,0.5,0.05
40.0,240.0,10.0,0.5,0.05
60.0,240.0,10.0,0.5,0.05
80.0,240.0,10.0,0.5,0.05
100.0,240.0,10.0,0.5,0.05
120.0,240.0,10.0,0.5,0.05
140.0,240.0,10.0,0.5,0.05
160.0,240.0,10.0,0.5,0.05
180.0,240.0,10.0,0.5,0.05
200.0,240.0,10.0,0.5,0.05
220.0,240.0,10.0,0.5,0.05
240.0,240.0,10.0,0.5,0.05
